FirstName,LastName,Mobile,Birthday,Street,City
Geir,Bjerke,97756218,1969-08-28,Nedre Langgate 31,Skien
Kristin,Amundsen,91937909,1995-11-23,Prestegardsveien 75,Horten
Kari,Mathisen,46643594,1960-01-26,Torggata 49,Larvik
Julie,Hagen,91459815,1979-10-19,Nedre Langgate 94,Moss
Henrik,Henriksen,93295370,1952-04-16,Parkveien 41,Sandefjord
Tor,Karlsen,45101031,2004-03-28,Skolegata 28,Fredrikstad
Magnus,Dahl,42797145,1972-12-02,Torggata 21,Bodo
Thea,Pedersen,43484493,1975-05-21,Storgata 77,Lillehammer
Henrik,Jacobsen,41263273,1991-01-23,Sondre gate 94,Bergen
Roar,Mathisen,40758228,1971-10-28,Granveien 61,Trondheim
Havard,Andreassen,48955861,2004-12-01,Sondre gate 64,Tromso
Petter,Vik,96876748,1979-06-13,Sondre gate 18,Tromso
Maja,Kristoffersen,97068466,1960-06-06,Torggata 22,Bergen
Ingrid,Hansen,40762016,1989-10-09,Granveien 65,Stavanger
Solveig,Johnsen,47962628,2003-06-01,Jernbanegata 8,Molde
Ola,Bjerke,99704031,1984-05-07,Grensen 46,Fredrikstad
Kjell,Amundsen,41363382,1978-10-17,Ekeveien 15,Moss
Arne,Strand,44732425,1996-05-25,Grensen 34,Skien
Anne,Lie,96853789,1978-06-06,Kirkegata 95,Hamar
Magnus,Hansen,90468543,1959-05-03,Ekeveien 7,Alesund
Arne,Strand,46848162,1960-10-19,Ekeveien 85,Oslo
Vegard,Haugen,49418338,1957-04-23,Elvegata 23,Tonsberg
Jonas,Mathisen,95058876,1984-08-28,Torggata 24,Bodo
Hanne,Dahl,45633967,1967-04-26,Ekeveien 16,Bodo
Tone,Halvorsen,43354964,1964-06-01,Prestegardsveien 23,Tromso
Petter,Andersen,44232985,1953-11-12,Ekeveien 67,Skien
Amalie,Larsen,99374090,1958-11-23,Havnegata 52,Trondheim
Roar,Bakke,97603909,1984-12-14,Fjellveien 85,Tonsberg
Rune,Lund,97137332,2005-06-08,Sjogata 84,Kristiansand
Thea,Mathisen,92778747,1956-10-07,Havnegata 93,Kristiansand
Magnus,Bjerke,99518934,1985-12-11,Havnegata 24,Trondheim
Tor,Holm,42606521,1960-04-22,Torggata 14,Trondheim
Nora,Solberg,92213030,1976-02-03,Solbakken 81,Molde
Magnus,Ruud,97815196,1991-04-20,Ekeveien 82,Drammen
Kristin,Moen,90778466,1978-06-14,Torggata 7,Skien
Anne,Hagen,44917332,1977-11-13,Fjellveien 86,Stavanger
Line,Nilsen,97492386,1971-05-02,Sondre gate 44,Tonsberg
Sindre,Bakke,41229596,2006-05-03,Parkveien 1,Hamar
Sindre,Karlsen,49453946,1954-06-05,Fjellveien 84,Tromso
Julie,Larsen,43242123,1997-02-25,Elvegata 21,Trondheim
Rune,Johansen,40231899,1968-06-08,Solbakken 17,Molde
Malin,Hagen,45501629,1973-02-21,Bergveien 26,Kristiansand
Magnus,Jensen,94369869,1960-04-22,Havnegata 13,Stavanger
Thea,Andreassen,99033217,1999-02-04,Osterhaugs gate 5,Molde
Andreas,Olsen,43878032,1990-09-17,Granveien 47,Sandefjord
Silje,Berg,44572279,1962-05-02,Prestegardsveien 68,Moss
Camilla,Haugen,44571537,1962-02-12,Prestegardsveien 19,Sandefjord
Julie,Aas,46786925,1965-03-22,Torggata 20,Moss
Emilie,Strand,48520935,1963-01-12,Jernbanegata 79,Drammen
Jonas,Ellingsen,41836454,1969-02-16,Skolegata 21,Kristiansand
Thea,Pedersen,41091361,1961-05-04,Nedre Langgate 57,Molde
Malin,Ruud,93183498,1978-02-15,Bjorkeveien 6,Hamar
Linnea,Johnsen,45815020,1996-04-24,Fjellveien 38,Sandefjord
Emilie,Haugen,43724889,1971-01-02,Elvegata 29,Molde
Sindre,Lie,98171526,1953-10-11,Elvegata 61,Sandefjord
Ola,Eriksen,46611037,1991-10-21,Nordre gate 76,Kristiansand
Ola,Kristiansen,40363245,1998-03-22,Havnegata 95,Tromso
Espen,Ellingsen,41220826,1961-04-23,Ovre Langgate 12,Kristiansand
Camilla,Amundsen,42504912,1972-12-17,Jernbanegata 73,Tromso
Sara,Ruud,95782834,1999-06-02,Parkveien 47,Molde
Ida,Halvorsen,95872234,1990-06-07,Sjogata 26,Halden
Morten,Andreassen,93585182,1999-10-27,Fjellveien 25,Bergen
Tor,Strand,47725328,1970-10-15,Bergveien 49,Skien
Arne,Bjerke,46353701,1967-06-17,Prestegardsveien 87,Skien
Silje,Nygard,47103797,1952-03-28,Prestegardsveien 8,Trondheim
Vegard,Bakken,98016566,1970-01-25,Ovre Langgate 66,Trondheim
Tone,Ruud,92605584,1993-03-18,Parkveien 45,Trondheim
Vegard,Nygard,48281838,1956-03-26,Furuveien 11,Molde
Hanne,Mathisen,91963876,1974-10-15,Rosenlundgata 5,Fredrikstad
Stian,Dahl,92645701,1964-07-11,Ovre Langgate 16,Bergen
Vegard,Sandvik,41748026,1990-07-20,Ekeveien 1,Horten
Line,Henriksen,97050167,1961-10-06,Lindeveien 1,Alesund
Ida,Nilsen,92101663,1987-10-25,Jernbanegata 7,Bergen
Kristin,Sandvik,96654897,1971-04-13,Bergveien 55,Tromso
Malin,Halvorsen,49448045,1971-07-19,Prestegardsveien 46,Lillehammer
Linnea,Bjerke,45976029,1998-04-09,Ovre Langgate 34,Tonsberg
Henrik,Henriksen,49314200,2003-02-13,Nedre Langgate 33,Horten
Malin,Jensen,95513730,2000-12-19,Prestegardsveien 20,Bergen
Sara,Ellingsen,48464635,1960-04-28,Nedre Langgate 9,Kristiansand
Elin,Haugen,93922967,1985-12-08,Storgata 85,Trondheim
Fredrik,Dahl,99661490,2001-03-12,Fjellveien 28,Hamar
Emilie,Berg,97505656,1983-04-19,Bergveien 83,Bodo
Nora,Amundsen,97011472,1970-03-22,Granveien 55,Bodo
Emilie,Dahl,43433696,1963-03-23,Fjellveien 60,Trondheim
Roar,Andersen,46513556,1964-01-14,Jernbanegata 72,Molde
Andreas,Andersen,41779693,2005-04-03,Havnegata 75,Fredrikstad
Line,Kristoffersen,93244163,1973-05-24,Skolegata 78,Trondheim
Kjell,Jacobsen,47932318,1993-01-06,Grensen 87,Lillehammer
Roar,Jensen,45600266,1971-03-13,Skolegata 19,Sandefjord
Nils,Hansen,40596355,2002-05-13,Nordre gate 6,Moss
Hanne,Kristiansen,45962660,2005-04-15,Ovre Langgate 48,Sandefjord
Hedda,Solberg,98432523,1988-02-09,Elvegata 55,Stavanger
Astrid,Karlsen,47301762,1956-06-08,Bjorkeveien 77,Hamar
Bjorn,Dahl,97013754,1999-03-18,Nedre Langgate 14,Alesund
Nora,Kristiansen,99249976,1997-06-04,Solbakken 72,Kristiansand
Hedda,Jensen,46265772,1984-08-18,Grensen 6,Larvik
Kristin,Johnsen,42061735,1978-04-15,Skolegata 23,Tromso
Morten,Berg,42252554,1963-10-23,Nedre Langgate 65,Molde
Espen,Henriksen,91049219,2004-02-17,Grensen 71,Alesund
Julie,Kristoffersen,98196704,1970-03-01,Torggata 35,Bergen
Malin,Jacobsen,46918273,1954-12-13,Furuveien 28,Trondheim
Oyvind,Andersen,46791715,1960-12-13,Nedre Langgate 61,Stavanger
Henrik,Bjerke,99749059,1979-04-26,Ekeveien 17,Lillehammer
Fredrik,Vik,92793766,1966-03-06,Skolegata 79,Trondheim
Nora,Halvorsen,43129719,1982-02-07,Bjorkeveien 83,Lillehammer
Erik,Ellingsen,91846154,1966-11-05,Torggata 70,Moss
Silje,Amundsen,98578800,1984-10-28,Ekeveien 16,Horten
Kjell,Vik,44319527,1986-07-19,Havnegata 42,Oslo
Trond,Jacobsen,47214833,1969-08-19,Storgata 4,Lillehammer
Julie,Eriksen,46028123,1979-06-08,Kirkegata 81,Drammen
Marit,Halvorsen,44326813,1965-02-22,Granveien 18,Hamar
Ingrid,Olsen,97502182,1975-07-02,Granveien 45,Sandefjord
Linnea,Henriksen,45007353,1959-06-22,Grensen 13,Bergen
Stian,Myhre,95710533,1979-11-12,Fjellveien 50,Stavanger
Stian,Moen,42006020,1989-07-11,Havnegata 29,Skien
Rune,Myhre,49920087,1966-11-07,Fjellveien 78,Drammen
Roar,Lund,93405126,1985-10-16,Fjellveien 40,Tromso
Lars,Larsen,97049358,1964-02-09,Bergveien 57,Lillehammer
Camilla,Kristiansen,92152865,1998-03-27,Grensen 83,Kristiansand
Maja,Holm,45400373,1996-10-21,Elvegata 72,Sandefjord
Tone,Johansen,43507983,1982-10-12,Storgata 93,Alesund
Guro,Ellingsen,99123353,1981-01-20,Grensen 13,Bergen
Morten,Ruud,97782437,1980-01-06,Sjogata 23,Trondheim
Tor,Mathisen,97278864,1984-12-07,Prestegardsveien 28,Tromso
Kari,Ellingsen,47505647,2003-09-21,Prestegardsveien 96,Oslo
Ingrid,Holm,91932417,1978-01-20,Rosenlundgata 85,Halden
Stian,Aas,41632402,1973-11-13,Prestegardsveien 55,Tonsberg
Rune,Haugen,95808861,1958-09-13,Parkveien 87,Stavanger
Tone,Hansen,93625058,1958-07-23,Bjorkeveien 71,Bodo
Tone,Vik,41527799,2002-05-28,Havnegata 17,Skien
Maja,Holm,42189745,1983-03-02,Nedre Langgate 13,Drammen
Nora,Solberg,96108048,2004-11-01,Sjogata 61,Stavanger
Marit,Bjerke,40168267,1990-11-18,Grensen 45,Fredrikstad
Vegard,Pedersen,45562794,1970-11-13,Rosenlundgata 68,Fredrikstad
Julie,Andersen,42255479,1968-08-14,Ovre Langgate 39,Drammen
Nils,Hansen,92760476,1980-06-23,Elvegata 32,Kristiansand
Camilla,Amundsen,45906626,1994-05-17,Solbakken 66,Oslo
Hanne,Lund,95824832,1971-04-22,Lindeveien 33,Drammen
Anne,Karlsen,96758619,1986-08-10,Parkveien 6,Molde
Solveig,Lund,40334125,1988-11-12,Bjorkeveien 74,Alesund
Anne,Kristoffersen,45770472,1975-07-22,Ekeveien 56,Bergen
Astrid,Ruud,40595021,2004-06-02,Ovre Langgate 54,Bergen
Camilla,Hagen,95204783,1980-06-01,Storgata 58,Bodo
Nils,Halvorsen,93626143,1960-07-08,Sondre gate 83,Stavanger
Julie,Amundsen,90119463,1997-09-23,Fjellveien 35,Larvik
Astrid,Johnsen,46879986,1974-05-26,Grensen 58,Larvik
Linnea,Dahl,91951154,1960-09-19,Furuveien 40,Bergen
Lars,Jacobsen,90044426,1968-04-16,Kirkegata 5,Fredrikstad
Jonas,Solberg,43262360,1958-02-15,Granveien 10,Lillehammer
Petter,Haugen,94848059,1953-06-06,Sondre gate 64,Bodo
Amalie,Kristoffersen,95228737,1984-02-20,Nordre gate 10,Moss
Maja,Nilsen,46419033,1968-07-22,Bjorkeveien 49,Molde
Nils,Vik,48262670,1999-02-04,Jernbanegata 84,Hamar
Sindre,Bjerke,93089839,1952-08-19,Lindeveien 57,Drammen
Andreas,Jensen,46993976,1957-09-09,Storgata 38,Oslo
Fredrik,Haugen,47219627,1977-01-10,Storgata 49,Tonsberg
Ida,Haugen,96657088,1965-03-23,Havnegata 64,Molde
Guro,Eriksen,46539044,1954-04-04,Nedre Langgate 23,Skien
Oyvind,Fossum,97473716,1959-01-01,Nordre gate 2,Molde
Guro,Solberg,94528630,1961-03-07,Lindeveien 93,Alesund
Petter,Haugen,92431289,1969-01-23,Granveien 2,Moss
Ida,Mathisen,96107852,1984-10-27,Ovre Langgate 28,Molde
Magnus,Jacobsen,94668331,1968-06-06,Nedre Langgate 16,Stavanger
Vegard,Strand,41042432,1969-10-01,Grensen 6,Bergen
Silje,Moen,92832854,1965-11-06,Jernbanegata 79,Alesund
Rune,Dahl,94628057,1974-07-13,Ekeveien 78,Kristiansand
Camilla,Strand,42329550,1991-09-13,Furuveien 64,Alesund
Hedda,Nilsen,49502717,1985-07-01,Kirkegata 33,Bergen
Oyvind,Myhre,99945855,1996-04-19,Solbakken 37,Kristiansand
Sindre,Nilsen,90312632,1977-01-06,Bergveien 8,Trondheim
Anne,Johansen,90545671,1984-02-25,Solbakken 40,Sandefjord
Jonas,Hansen,99072350,1987-07-07,Havnegata 38,Fredrikstad
Espen,Strand,92987038,1975-10-24,Prestegardsveien 88,Bodo
Hanne,Jensen,95680111,1993-04-05,Storgata 24,Tromso
Hanne,Olsen,45437481,1970-02-15,Sjogata 61,Kristiansand
Line,Mathisen,90743045,2004-11-02,Osterhaugs gate 72,Tonsberg
Linnea,Bjerke,49572808,1994-12-04,Ekeveien 96,Kristiansand
Maja,Nygard,41439545,1985-08-10,Fjellveien 68,Kristiansand
Thea,Bakke,49817087,1986-03-12,Bjorkeveien 59,Skien
Marit,Jensen,46202677,1969-06-02,Solbakken 7,Larvik
Rune,Eriksen,45999799,1963-03-08,Lindeveien 8,Moss
Hanne,Vik,98583488,1979-02-18,Bjorkeveien 94,Sandefjord
Tor,Jensen,98522097,1955-06-14,Grensen 68,Halden
Fredrik,Karlsen,43858352,1974-09-01,Ovre Langgate 93,Stavanger
Erik,Andersen,44413379,1967-07-15,Kirkegata 20,Tonsberg
Andreas,Jacobsen,47901384,2000-10-14,Osterhaugs gate 26,Kristiansand
Tor,Holm,96586830,1969-08-16,Fjellveien 21,Tromso
Anne,Halvorsen,43052956,1968-01-02,Storgata 89,Alesund
Kristin,Johnsen,40472537,1981-05-25,Ovre Langgate 65,Bodo
Elin,Lund,49528689,1980-04-03,Storgata 13,Bodo
Line,Bakke,92587970,1958-04-05,Osterhaugs gate 55,Sandefjord
Nils,Fossum,42092333,1974-11-17,Torggata 36,Sandefjord
Amalie,Solberg,97851552,1965-02-01,Kirkegata 12,Tonsberg
Amalie,Amundsen,95427721,1958-06-13,Skolegata 76,Stavanger
Petter,Amundsen,46809882,1969-09-17,Elvegata 87,Hamar
Hedda,Henriksen,47521494,1982-03-03,Skolegata 60,Stavanger
Petter,Bakken,42841743,1970-12-10,Bjorkeveien 61,Tonsberg
Morten,Moen,90913350,1997-12-17,Ovre Langgate 73,Drammen
Bjorn,Eriksen,95646192,1977-10-10,Ovre Langgate 8,Bergen
Camilla,Hansen,95877468,1975-05-12,Parkveien 31,Halden
